{
  "schemaVersion": 1,
  "id": "fabric-lifecycle-events-v1-testmod",
  "name": "Fabric Lifecycle Events (v1) Test Mod",
  "version": "1.0.0",
  "environment": "*",
  "license": "Apache-2.0",
  "depends": {
    "fabric-lifecycle-events-v1": "*"
  },
  "entrypoints": {
    "main": [
      "net.fabricmc.fabric.test.event.lifecycle.ServerBlockEntityLifecycleTests",
      "net.fabricmc.fabric.test.event.lifecycle.ServerEntityLifecycleTests",
      "net.fabricmc.fabric.test.event.lifecycle.ServerLifecycleTests",
      "net.fabricmc.fabric.test.event.lifecycle.ServerTickTests",
      "net.fabricmc.fabric.test.event.lifecycle.ServerResourceReloadTests"
    ],
    "client": [
      "net.fabricmc.fabric.test.event.lifecycle.client.ClientBlockEntityLifecycleTests",
      "net.fabricmc.fabric.test.event.lifecycle.client.ClientEntityLifecycleTests",
      "net.fabricmc.fabric.test.event.lifecycle.client.ClientLifecycleTests",
      "net.fabricmc.fabric.test.event.lifecycle.client.ClientTickTests"
    ]
  }
}
