{
  "schemaVersion": 1,
  "id": "fabric-command-api-v1",
  "name": "Fabric Command API (v1)",
  "version": "${version}",
  "environment": "*",
  "license": "Apache-2.0",
  "icon": "assets/fabric-command-api-v1/icon.png",
  "contact": {
    "homepage": "https://fabricmc.net",
    "irc": "irc://irc.esper.net:6667/fabric",
    "issues": "https://github.com/FabricMC/fabric/issues",
    "sources": "https://github.com/FabricMC/fabric"
  },
  "authors": [
    "FabricMC"
  ],
  "depends": {
    "fabricloader": ">=0.10.5",
    "fabric-api-base": "*"
  },
  "description": "Adds command-related hooks.",
  "mixins": [
    "fabric-command-api-v1.mixins.json"
  ]
}
