{
  "required": true,
  "package": "net.fabricmc.fabric.mixin.registry.sync",
  "compatibilityLevel": "JAVA_8",
  "mixins": [
    "AccessorLevelStorageSession",
    "AccessorRegistry",
    "MixinBootstrap",
    "MixinDynamicRegistryManager",
    "MixinIdList",
    "MixinIdRegistry",
    "MixinMain",
    "MixinPlayerManager",
    "MixinLevelStorageSession",
    "MixinRegistry",
    "MixinSimpleRegistry",
    "DynamicRegistryManagerMixin"
  ],
  "client": [
    "client.MixinBlockColorMap",
    "client.MixinItemColorMap",
    "client.MixinItemModelMap",
    "client.MixinMinecraftClient",
    "client.MixinParticleManager"
  ],
  "injectors": {
    "defaultRequire": 1
  }
}
