{
  "schemaVersion": 1,
  "id": "fabric-registry-sync-v0",
  "name": "Fabric Registry Sync (v0)",
  "version": "${version}",
  "environment": "*",
  "license": "Apache-2.0",
  "icon": "assets/fabric-registry-sync-v0/icon.png",
  "contact": {
    "homepage": "https://fabricmc.net",
    "irc": "irc://irc.esper.net:6667/fabric",
    "issues": "https://github.com/FabricMC/fabric/issues",
    "sources": "https://github.com/FabricMC/fabric"
  },
  "authors": [
    "FabricMC"
  ],
  "depends": {
    "fabricloader": ">=0.9.2",
    "fabric-api-base": "*",
    "fabric-networking-api-v1": "*"
  },
  "description": "Syncs registry mappings.",
  "mixins": [
    "fabric-registry-sync-v0.mixins.json"
  ],
  "entrypoints": {
    "main": [
      "net.fabricmc.fabric.impl.registry.sync.FabricRegistryInit"
    ],
    "client": [
      "net.fabricmc.fabric.impl.registry.sync.FabricRegistryClientInit"
    ]
  }
}
