{
  "schemaVersion": 1,
  "id": "fabric-networking-v0",
  "name": "Fabric Networking (v0)",
  "version": "${version}",
  "environment": "*",
  "license": "Apache-2.0",
  "icon": "assets/fabric-networking-v0/icon.png",
  "contact": {
    "homepage": "https://fabricmc.net",
    "irc": "irc://irc.esper.net:6667/fabric",
    "issues": "https://github.com/FabricMC/fabric/issues",
    "sources": "https://github.com/FabricMC/fabric"
  },
  "authors": [
    "FabricMC"
  ],
  "entrypoints": {
    "main": [
      "net.fabricmc.fabric.impl.networking.OldNetworkingHooks"
    ],
    "client": [
      "net.fabricmc.fabric.impl.networking.OldClientNetworkingHooks"
    ]
  },
  "depends": {
    "fabricloader": ">=0.4.0",
    "fabric-api-base": "*",
    "fabric-networking-api-v1": "*"
  },
  "description": "Legacy Networking packet hooks and registries, superseded by fabric-networking-api-v1."
}
