{
  "required": true,
  "package": "net.fabricmc.fabric.mixin.object.builder",
  "compatibilityLevel": "JAVA_8",
  "mixins": [
    "AbstractBlockAccessor",
    "AbstractBlockSettingsAccessor",
    "AbstractBlockSettingsMixin",
    "CriteriaAccessor",
    "DefaultAttributeRegistryAccessor",
    "DefaultAttributeRegistryMixin",
    "MaterialBuilderAccessor",
    "MixinBlock",
    "PointOfInterestTypeAccessor",
    "SpawnRestrictionAccessor",
    "TradeOffersAccessor",
    "TradeOffersMixin",
    "TypeAwareTradeMixin",
    "VillagerProfessionAccessor",
    "VillagerTypeAccessor"
  ],
  "client": [
    "ModelPredicateProviderRegistryAccessor",
    "ModelPredicateProviderRegistrySpecificAccessor"
  ],
  "injectors": {
    "defaultRequire": 1
  }
}
