{
  "schemaVersion": 1,
  "id": "fabric-key-binding-api-v1",
  "name": "Fabric Key Binding API (v1)",
  "version": "${version}",
  "environment": "client",
  "license": "Apache-2.0",
  "icon": "assets/fabric-key-binding-api-v1/icon.png",
  "contact": {
    "homepage": "https://fabricmc.net",
    "irc": "irc://irc.esper.net:6667/fabric",
    "issues": "https://github.com/FabricMC/fabric/issues",
    "sources": "https://github.com/FabricMC/fabric"
  },
  "authors": [
    "FabricMC"
  ],
  "depends": {
    "fabricloader": ">=0.4.0"
  },
  "description": "Key Binding registry API.",
  "mixins": [
    "fabric-key-binding-api-v1.mixins.json"
  ]
}
