{
  "schemaVersion": 1,
  "id": "fabric-content-registries-v0",
  "name": "Fabric Content Registries (v0)",
  "version": "${version}",
  "environment": "*",
  "license": "Apache-2.0",
  "icon": "assets/fabric-content-registries-v0/icon.png",
  "contact": {
    "homepage": "https://fabricmc.net",
    "irc": "irc://irc.esper.net:6667/fabric",
    "issues": "https://github.com/FabricMC/fabric/issues",
    "sources": "https://github.com/FabricMC/fabric"
  },
  "authors": [
    "FabricMC"
  ],
  "depends": {
    "fabricloader": ">=0.4.0",
    "fabric-api-base": "*",
    "fabric-lifecycle-events-v1": "*",
    "fabric-resource-loader-v0": "*"
  },
  "description": "Adds registries for vanilla mechanics that are missing them.",
  "mixins": [
    "fabric-content-registries-v0.mixins.json"
  ]
}
