{
  "schemaVersion": 1,
  "id": "fabric-particles-v1",
  "name": "Fabric Particles (v1)",
  "version": "${version}",
  "environment": "*",
  "license": "Apache-2.0",
  "icon": "assets/fabric-particles-v1/icon.png",
  "contact": {
    "homepage": "https://fabricmc.net",
    "irc": "irc://irc.esper.net:6667/fabric",
    "issues": "https://github.com/FabricMC/fabric/issues",
    "sources": "https://github.com/FabricMC/fabric"
  },
  "authors": [
    "FabricMC"
  ],
  "depends": {
    "fabricloader": ">=0.4.0"
  },
  "description": "Hooks for registering custom particles.",
  "mixins": [
    "fabric-particles-v1.mixins.json"
  ]
}
